{
	"credit": "Made with Blockbench",
	"parent": "block/block",
	"textures": {
		"0": "block/cherry_leaves",
		"1": "block/cherry_leaves_bushy",
		"particle": "block/cherry_leaves"
	},
	"elements": [
		{
			"from": [0, 0, 0],
			"to": [16, 16, 16],
			"faces": {
				"north": {"uv": [0, 0, 16, 16], "texture": "#0", "cullface": "north"},
				"east": {"uv": [0, 0, 16, 16], "texture": "#0", "cullface": "east"},
				"south": {"uv": [0, 0, 16, 16], "texture": "#0", "cullface": "south"},
				"west": {"uv": [0, 0, 16, 16], "texture": "#0", "cullface": "west"},
				"up": {"uv": [0, 0, 16, 16], "texture": "#0", "cullface": "up"},
				"down": {"uv": [16, 16, 0, 0], "texture": "#0", "cullface": "down"}
			}
		},
		{
			"from": [-11, -8, 3.7],
			"to": [21, 24, 3.7],
			"shade": false,
			"rotation": {"angle": 22.5, "axis": "y", "origin": [15.95581, -16, 0.22097]},
			"faces": {
				"north": {"uv": [0, 0, 16, 16], "texture": "#1"},
				"south": {"uv": [0, 0, 16, 16], "texture": "#1"}
			}
		},
		{
			"from": [4.09668, -8, -6.17819],
			"to": [4.09668, 24, 25.82181],
			"shade": false,
			"rotation": {"angle": 22.5, "axis": "y", "origin": [0.22168, -16, 0.04349]},
			"faces": {
				"east": {"uv": [0, 0, 16, 16], "texture": "#1"},
				"west": {"uv": [0, 0, 16, 16], "texture": "#1"}
			}
		}
	],
	"display": {
		"thirdperson_righthand": {
			"scale": [0.3, 0.3, 0.3]
		},
		"thirdperson_lefthand": {
			"scale": [0.3, 0.3, 0.3]
		},
		"firstperson_righthand": {
			"scale": [0.3, 0.3, 0.2]
		},
		"firstperson_lefthand": {
			"scale": [0.3, 0.3, 0.2]
		},
		"ground": {
			"scale": [0.2, 0.2, 0.2]
		},
		"gui": {
			"rotation": [40, -45, 0],
			"scale": [0.6, 0.6, 0.6]
		},
		"fixed": {
			"scale": [0.6, 0.6, 0.6]
		}
	}
}