{
  "variants": {
    "axis=x": {
      "model": "minecraft:block/cherry_log_x"
    },
    "axis=y": [ {
      "model": "minecraft:block/cherry_log_y", "weight": 15
    },
    {
      "model": "minecraft:block/cherry_log_branch0", "weight": 1
    },
    {
      "model": "minecraft:block/cherry_log_branch1", "weight": 1
    },
    {
      "model": "minecraft:block/cherry_log_branch2", "weight": 1
    },
    {
      "model": "minecraft:block/cherry_log_branch3", "weight":1
    } ],
    "axis=z": {
      "model": "minecraft:block/cherry_log_z"
    }
  }
}