{
  "variants": {
    "axis=x": {
      "model": "minecraft:block/mangrove_log_horizontal",
      "x": 90,
      "y": 90
    },
    "axis=y": [ {
      "model": "minecraft:block/mangrove_log", "weight": 15
    },
    {
      "model": "minecraft:block/mangrove_log_branch0", "weight": 1
    },
    {
      "model": "minecraft:block/mangrove_log_branch1", "weight": 1
    },
    {
      "model": "minecraft:block/mangrove_log_branch2", "weight": 1
    },
    {
      "model": "minecraft:block/mangrove_log_branch3", "weight":1
    } ],
    "axis=z": {
      "model": "minecraft:block/mangrove_log_horizontal",
      "x": 90
    }
  }
}