{
  "variants": {
    "snowy=false": [
      {
        "model": "minecraft:block/mycelium1", "weight": 115
      },
      {
        "model": "minecraft:block/mycelium1",
        "y": 90
      },
      {
        "model": "minecraft:block/mycelium1",
        "y": 180
      },
      {
        "model": "minecraft:block/mycelium1",
        "y": 270
      },
      {
        "model": "minecraft:block/mycelium2", "weight": 135
      },
      {
        "model": "minecraft:block/mycelium2",
        "y": 90
      },
      {
        "model": "minecraft:block/mycelium2",
        "y": 180
      },
      {
        "model": "minecraft:block/mycelium2",
        "y": 270
      },
      {
        "model": "minecraft:block/mycelium1_mushroom0", "weight": 1
      },
      {
        "model": "minecraft:block/mycelium1_mushroom0",
        "y": 90
      },
      {
        "model": "minecraft:block/mycelium1_mushroom0",
        "y": 180
      },
      {
        "model": "minecraft:block/mycelium1_mushroom0",
        "y": 270
      },
      {
        "model": "minecraft:block/mycelium1_mushroom1", "weight": 1
      },
      {
        "model": "minecraft:block/mycelium1_mushroom1",
        "y": 90
      },
      {
        "model": "minecraft:block/mycelium1_mushroom1",
        "y": 180
      },
      {
        "model": "minecraft:block/mycelium1_mushroom1",
        "y": 270
      },
      {
        "model": "minecraft:block/mycelium2_mushroom0", "weight": 1
      },
      {
        "model": "minecraft:block/mycelium2_mushroom0",
        "y": 90
      },
      {
        "model": "minecraft:block/mycelium2_mushroom0",
        "y": 180
      },
      {
        "model": "minecraft:block/mycelium2_mushroom0",
        "y": 270
      },
      {
        "model": "minecraft:block/mycelium2_mushroom1", "weight": 1
      },
      {
        "model": "minecraft:block/mycelium2_mushroom1",
        "y": 90
      },
      {
        "model": "minecraft:block/mycelium2_mushroom1",
        "y": 180
      },
      {
        "model": "minecraft:block/mycelium2_mushroom1",
        "y": 270
      }
    ],
    "snowy=true": [
    {
      "model": "minecraft:block/grass_block_snow1", "weight": 3
    },
    {
      "model": "minecraft:block/grass_block_snow2", "weight": 5
    }
  ]
  }
}