{
  "variants": {
    "axis=x": {
      "model": "minecraft:block/warped_stem",
      "x": 90,
      "y": 90
    },
    "axis=y": [ {
      "model": "minecraft:block/warped_stem", "weight": 15
    },
    {
      "model": "minecraft:block/warped_stem_branch0", "weight": 1
    },
    {
      "model": "minecraft:block/warped_stem_branch1", "weight": 1
    },
    {
      "model": "minecraft:block/warped_stem_branch2", "weight": 1
    },
    {
      "model": "minecraft:block/warped_stem_branch3", "weight": 1
    } ],
    "axis=z": {
      "model": "minecraft:block/warped_stem",
      "x": 90
    }
  }
}