{
	"credit": "Made with Blockbench",
	"texture_size": [32, 32],
	"textures": {
		"0": "item/mace",
		"particle": "mace"
	},
	"elements": [
		{
			"from": [7, 2, 7],
			"to": [9, 14, 9],
			"rotation": {"angle": 0, "axis": "y", "origin": [7, 2, 7]},
			"faces": {
				"north": {"uv": [9, 0, 10, 6], "texture": "#0"},
				"east": {"uv": [0, 10, 1, 16], "texture": "#0"},
				"south": {"uv": [10, 0, 11, 6], "texture": "#0"},
				"west": {"uv": [1, 10, 2, 16], "texture": "#0"},
				"up": {"uv": [10, 7, 9, 6], "texture": "#0"},
				"down": {"uv": [11, 6, 10, 7], "texture": "#0"}
			}
		},
		{
			"from": [5, 14, 5],
			"to": [11, 21, 11],
			"rotation": {"angle": 0, "axis": "y", "origin": [7, 14, 7]},
			"faces": {
				"north": {"uv": [0, 0, 3, 3.5], "texture": "#0"},
				"east": {"uv": [3, 0, 6, 3.5], "texture": "#0"},
				"south": {"uv": [0, 3.5, 3, 7], "texture": "#0"},
				"west": {"uv": [3, 3.5, 6, 7], "texture": "#0"},
				"up": {"uv": [3, 10, 0, 7], "texture": "#0"},
				"down": {"uv": [6, 7, 3, 10], "texture": "#0"}
			}
		},
		{
			"from": [6, -1, 6],
			"to": [10, 2, 10],
			"rotation": {"angle": 0, "axis": "y", "origin": [7, -1, 7]},
			"faces": {
				"north": {"uv": [3, 12.5, 5, 14], "texture": "#0"},
				"east": {"uv": [10, 12.5, 12, 14], "texture": "#0"},
				"south": {"uv": [13, 0, 15, 1.5], "texture": "#0"},
				"west": {"uv": [13, 1.5, 15, 3], "texture": "#0"},
				"up": {"uv": [12, 12.5, 10, 10.5], "texture": "#0"},
				"down": {"uv": [13, 0, 11, 2], "texture": "#0"}
			}
		},
		{
			"from": [11, 15, 6],
			"to": [12, 20, 10],
			"rotation": {"angle": 0, "axis": "y", "origin": [11, 17, 7]},
			"faces": {
				"north": {"uv": [7, 13, 7.5, 15.5], "texture": "#0"},
				"east": {"uv": [2, 10, 4, 12.5], "texture": "#0"},
				"south": {"uv": [7.5, 13, 8, 15.5], "texture": "#0"},
				"west": {"uv": [4, 10, 6, 12.5], "texture": "#0"},
				"up": {"uv": [13.5, 10.5, 13, 8.5], "texture": "#0"},
				"down": {"uv": [9.5, 13, 9, 15], "texture": "#0"}
			}
		},
		{
			"from": [4, 15, 6],
			"to": [5, 20, 10],
			"rotation": {"angle": 0, "axis": "y", "origin": [4, 17, 7]},
			"faces": {
				"north": {"uv": [8, 13, 8.5, 15.5], "texture": "#0"},
				"east": {"uv": [6, 10.5, 8, 13], "texture": "#0"},
				"south": {"uv": [8.5, 13, 9, 15.5], "texture": "#0"},
				"west": {"uv": [8, 10.5, 10, 13], "texture": "#0"},
				"up": {"uv": [10, 15, 9.5, 13], "texture": "#0"},
				"down": {"uv": [13.5, 10.5, 13, 12.5], "texture": "#0"}
			}
		},
		{
			"from": [12, 14, 5],
			"to": [14, 21, 11],
			"rotation": {"angle": 0, "axis": "y", "origin": [12, 17, 7]},
			"faces": {
				"north": {"uv": [11, 6, 12, 9.5], "texture": "#0"},
				"east": {"uv": [6, 0, 9, 3.5], "texture": "#0"},
				"south": {"uv": [12, 6, 13, 9.5], "texture": "#0"},
				"west": {"uv": [6, 3.5, 9, 7], "texture": "#0"},
				"up": {"uv": [6, 15.5, 5, 12.5], "texture": "#0"},
				"down": {"uv": [14, 3, 13, 6], "texture": "#0"}
			}
		},
		{
			"from": [2, 14, 5],
			"to": [4, 21, 11],
			"rotation": {"angle": 0, "axis": "y", "origin": [1, 17, 7]},
			"faces": {
				"north": {"uv": [12, 9.5, 13, 13], "texture": "#0"},
				"east": {"uv": [6, 7, 8.5, 10.5], "texture": "#0"},
				"south": {"uv": [2, 12.5, 3, 16], "texture": "#0"},
				"west": {"uv": [8.5, 7, 11, 10.5], "texture": "#0"},
				"up": {"uv": [7, 15.5, 6, 13], "texture": "#0"},
				"down": {"uv": [14, 6, 13, 8.5], "texture": "#0"}
			}
		},
		{
			"from": [6, 21, 6],
			"to": [10, 22, 10],
			"rotation": {"angle": 0, "axis": "y", "origin": [6, 21, 7]},
			"faces": {
				"north": {"uv": [12, 13, 14, 13.5], "texture": "#0"},
				"east": {"uv": [13, 12.5, 15, 13], "texture": "#0"},
				"south": {"uv": [13.5, 8.5, 15.5, 9], "texture": "#0"},
				"west": {"uv": [13.5, 9, 15.5, 9.5], "texture": "#0"},
				"up": {"uv": [13, 4, 11, 2], "texture": "#0"},
				"down": {"uv": [13, 4, 11, 6], "texture": "#0"}
			}
		}
	],
	"display": {
		"thirdperson_righthand": {
			"rotation": [-172.37, 88.17, 172.38],
			"translation": [0, 1, 1.75]
		},
		"thirdperson_lefthand": {
			"rotation": [-172.37, 88.17, 172.38],
			"translation": [0, 1, 1.75]
		},
		"firstperson_righthand": {
			"rotation": [-1.31, -84.25, -0.54],
			"translation": [4, -0.75, -1]
		},
		"firstperson_lefthand": {
			"rotation": [-1.31, -84.25, -0.54],
			"translation": [4, -0.75, -1]
		},
		"ground": {
			"rotation": [-26.28, 18.96, -35],
			"translation": [0, 4.25, 0],
			"scale": [0.88281, 0.88281, 0.88281]
		},
		"gui": {
			"rotation": [0, -29.75, -44.25],
			"translation": [-1.75, -2, 0],
			"scale": [0.75391, 0.75391, 0.75391]
		},
		"head": {
			"translation": [0, 15.25, 0]
		},
		"fixed": {
			"rotation": [0, 0, 45.75],
			"translation": [1.75, -2.25, 0],
			"scale": [0.78516, 0.78516, 0.78516]
		}
	}
}