{
	"credit": "Made with Blockbench",
	"ambientocclusion": false,
	"textures": {
		"0": "block/end_stone",
		"1": "block/grassy_end_stone",
		"2": "block/end_grass0_emmisive",
		"particle": "block/end_stone"
	},
	"elements": [
		{
			"from": [0, 0, 0],
			"to": [16, 16, 16],
			"faces": {
				"north": {"uv": [0, 0, 16, 16], "texture": "#0", "cullface": "north"},
				"east": {"uv": [0, 0, 16, 16], "texture": "#0", "cullface": "east"},
				"south": {"uv": [0, 0, 16, 16], "texture": "#0", "cullface": "south"},
				"west": {"uv": [0, 0, 16, 16], "texture": "#0", "cullface": "west"},
				"up": {"uv": [0, 0, 16, 16], "texture": "#1", "cullface": "up"},
				"down": {"uv": [0, 0, 16, 16], "texture": "#0", "cullface": "down"}
			}
		},
		{
			"from": [8, 18, 14],
			"to": [8, 21, 15],
			"shade": false,
			"rotation": {"angle": 45, "axis": "y", "origin": [8, 8, 8], "rescale": true},
			"faces": {
				"east": {"uv": [14, 11, 15, 14], "texture": "#2", "cullface": "up"},
				"west": {"uv": [14, 11, 15, 14], "texture": "#2", "cullface": "up"}
			}
		},
		{
			"from": [8, 20, 5],
			"to": [8, 23, 6],
			"shade": false,
			"rotation": {"angle": 45, "axis": "y", "origin": [8, 8, 8], "rescale": true},
			"faces": {
				"east": {"uv": [5, 9, 6, 12], "texture": "#2", "cullface": "up"},
				"west": {"uv": [5, 9, 6, 12], "texture": "#2", "cullface": "up"}
			}
		},
		{
			"from": [8, 16, 13],
			"to": [8, 24, 14],
			"shade": false,
			"rotation": {"angle": 45, "axis": "y", "origin": [8, 8, 8], "rescale": true},
			"faces": {
				"east": {"uv": [13, 8, 14, 16], "texture": "#2", "cullface": "up"},
				"west": {"uv": [13, 8, 14, 16], "texture": "#2", "cullface": "up"}
			}
		},
		{
			"from": [8, 16, 12],
			"to": [8, 18, 13],
			"shade": false,
			"rotation": {"angle": 45, "axis": "y", "origin": [8, 8, 8], "rescale": true},
			"faces": {
				"east": {"uv": [12, 14, 13, 16], "texture": "#2", "cullface": "up"},
				"west": {"uv": [12, 14, 13, 16], "texture": "#2", "cullface": "up"}
			}
		},
		{
			"from": [8, 16, 11],
			"to": [8, 25, 12],
			"shade": false,
			"rotation": {"angle": 45, "axis": "y", "origin": [8, 8, 8], "rescale": true},
			"faces": {
				"east": {"uv": [11, 7, 12, 16], "texture": "#2", "cullface": "up"},
				"west": {"uv": [11, 7, 12, 16], "texture": "#2", "cullface": "up"}
			}
		},
		{
			"from": [8, 16, 10],
			"to": [8, 20, 11],
			"shade": false,
			"rotation": {"angle": 45, "axis": "y", "origin": [8, 8, 8], "rescale": true},
			"faces": {
				"east": {"uv": [10, 12, 11, 16], "texture": "#2", "cullface": "up"},
				"west": {"uv": [10, 12, 11, 16], "texture": "#2", "cullface": "up"}
			}
		},
		{
			"from": [8, 16, 8],
			"to": [8, 18, 9],
			"shade": false,
			"rotation": {"angle": 45, "axis": "y", "origin": [8, 8, 8], "rescale": true},
			"faces": {
				"east": {"uv": [8, 14, 9, 16], "texture": "#2", "cullface": "up"},
				"west": {"uv": [8, 14, 9, 16], "texture": "#2", "cullface": "up"}
			}
		},
		{
			"from": [8, 16, 1],
			"to": [8, 18, 2],
			"shade": false,
			"rotation": {"angle": 45, "axis": "y", "origin": [8, 8, 8], "rescale": true},
			"faces": {
				"east": {"uv": [1, 14, 2, 16], "texture": "#2", "cullface": "up"},
				"west": {"uv": [1, 14, 2, 16], "texture": "#2", "cullface": "up"}
			}
		},
		{
			"from": [8, 16, 7],
			"to": [8, 22, 8],
			"shade": false,
			"rotation": {"angle": 45, "axis": "y", "origin": [8, 8, 8], "rescale": true},
			"faces": {
				"east": {"uv": [4, 10, 5, 16], "texture": "#2", "cullface": "up"},
				"west": {"uv": [4, 10, 5, 16], "texture": "#2", "cullface": "up"}
			}
		},
		{
			"from": [8, 16, 6],
			"to": [8, 20, 7],
			"shade": false,
			"rotation": {"angle": 45, "axis": "y", "origin": [8, 8, 8], "rescale": true},
			"faces": {
				"east": {"uv": [6, 12, 7, 16], "texture": "#2", "cullface": "up"},
				"west": {"uv": [6, 12, 7, 16], "texture": "#2", "cullface": "up"}
			}
		},
		{
			"from": [8, 16, 3],
			"to": [8, 19, 4],
			"shade": false,
			"rotation": {"angle": 45, "axis": "y", "origin": [8, 8, 8], "rescale": true},
			"faces": {
				"east": {"uv": [3, 13, 4, 16], "texture": "#2", "cullface": "up"},
				"west": {"uv": [3, 13, 4, 16], "texture": "#2", "cullface": "up"}
			}
		},
		{
			"from": [8, 16, 2],
			"to": [8, 24, 3],
			"shade": false,
			"rotation": {"angle": 45, "axis": "y", "origin": [8, 8, 8], "rescale": true},
			"faces": {
				"east": {"uv": [2, 8, 3, 16], "texture": "#2", "cullface": "up"},
				"west": {"uv": [2, 8, 3, 16], "texture": "#2", "cullface": "up"}
			}
		},
		{
			"from": [8, 16, 4],
			"to": [8, 26, 5],
			"shade": false,
			"rotation": {"angle": 45, "axis": "y", "origin": [8, 8, 8], "rescale": true},
			"faces": {
				"east": {"uv": [4, 6, 5, 16], "texture": "#2", "cullface": "up"},
				"west": {"uv": [4, 6, 5, 16], "texture": "#2", "cullface": "up"}
			}
		},
		{
			"from": [8, 24, 13],
			"to": [8, 26, 15],
			"shade": false,
			"rotation": {"angle": 45, "axis": "y", "origin": [8, 8, 8], "rescale": true},
			"faces": {
				"east": {"uv": [13, 6, 15, 8], "texture": "#2", "cullface": "up"},
				"west": {"uv": [13, 6, 15, 8], "texture": "#2", "cullface": "up"}
			}
		},
		{
			"from": [8, 24, 1],
			"to": [8, 26, 3],
			"shade": false,
			"rotation": {"angle": 45, "axis": "y", "origin": [8, 8, 8], "rescale": true},
			"faces": {
				"east": {"uv": [1, 6, 3, 8], "texture": "#2", "cullface": "up"},
				"west": {"uv": [1, 6, 3, 8], "texture": "#2", "cullface": "up"}
			}
		},
		{
			"from": [8, 22, 7],
			"to": [8, 24, 9],
			"shade": false,
			"rotation": {"angle": 45, "axis": "y", "origin": [8, 8, 8], "rescale": true},
			"faces": {
				"east": {"uv": [7, 8, 9, 10], "texture": "#2", "cullface": "up"},
				"west": {"uv": [7, 8, 9, 10], "texture": "#2", "cullface": "up"}
			}
		},
		{
			"from": [8, 25, 9],
			"to": [8, 28, 12],
			"shade": false,
			"rotation": {"angle": 45, "axis": "y", "origin": [8, 8, 8], "rescale": true},
			"faces": {
				"east": {"uv": [9, 4, 12, 7], "texture": "#2", "cullface": "up"},
				"west": {"uv": [9, 4, 12, 7], "texture": "#2", "cullface": "up"}
			}
		},
		{
			"from": [8, 26, 4],
			"to": [8, 29, 7],
			"shade": false,
			"rotation": {"angle": 45, "axis": "y", "origin": [8, 8, 8], "rescale": true},
			"faces": {
				"east": {"uv": [4, 3, 7, 6], "texture": "#2", "cullface": "up"},
				"west": {"uv": [4, 3, 7, 6], "texture": "#2", "cullface": "up"}
			}
		},
		{
			"from": [8, 16, 14],
			"to": [8, 17, 15],
			"shade": false,
			"rotation": {"angle": 45, "axis": "y", "origin": [8, 8, 8], "rescale": true},
			"faces": {
				"east": {"uv": [14, 15, 15, 16], "texture": "#2", "cullface": "up"},
				"west": {"uv": [14, 15, 15, 16], "texture": "#2", "cullface": "up"}
			}
		},
		{
			"from": [14, 18, 8],
			"to": [15, 21, 8],
			"shade": false,
			"rotation": {"angle": 45, "axis": "y", "origin": [8, 8, 8], "rescale": true},
			"faces": {
				"north": {"uv": [14, 11, 15, 14], "texture": "#2", "cullface": "up"},
				"south": {"uv": [14, 11, 15, 14], "texture": "#2", "cullface": "up"}
			}
		},
		{
			"from": [5, 20, 8],
			"to": [6, 23, 8],
			"shade": false,
			"rotation": {"angle": 45, "axis": "y", "origin": [8, 8, 8], "rescale": true},
			"faces": {
				"north": {"uv": [5, 9, 6, 12], "texture": "#2", "cullface": "up"},
				"south": {"uv": [5, 9, 6, 12], "texture": "#2", "cullface": "up"}
			}
		},
		{
			"from": [13, 16, 8],
			"to": [14, 24, 8],
			"shade": false,
			"rotation": {"angle": 45, "axis": "y", "origin": [8, 8, 8], "rescale": true},
			"faces": {
				"north": {"uv": [13, 8, 14, 16], "texture": "#2", "cullface": "up"},
				"south": {"uv": [13, 8, 14, 16], "texture": "#2", "cullface": "up"}
			}
		},
		{
			"from": [12, 16, 8],
			"to": [13, 18, 8],
			"shade": false,
			"rotation": {"angle": 45, "axis": "y", "origin": [8, 8, 8], "rescale": true},
			"faces": {
				"north": {"uv": [12, 14, 13, 16], "texture": "#2", "cullface": "up"},
				"south": {"uv": [12, 14, 13, 16], "texture": "#2", "cullface": "up"}
			}
		},
		{
			"from": [11, 16, 8],
			"to": [12, 25, 8],
			"shade": false,
			"rotation": {"angle": 45, "axis": "y", "origin": [8, 8, 8], "rescale": true},
			"faces": {
				"north": {"uv": [11, 7, 12, 16], "texture": "#2", "cullface": "up"},
				"south": {"uv": [11, 7, 12, 16], "texture": "#2", "cullface": "up"}
			}
		},
		{
			"from": [10, 16, 8],
			"to": [11, 20, 8],
			"shade": false,
			"rotation": {"angle": 45, "axis": "y", "origin": [8, 8, 8], "rescale": true},
			"faces": {
				"north": {"uv": [10, 12, 11, 16], "texture": "#2", "cullface": "up"},
				"south": {"uv": [10, 12, 11, 16], "texture": "#2", "cullface": "up"}
			}
		},
		{
			"from": [8, 16, 8],
			"to": [9, 18, 8],
			"shade": false,
			"rotation": {"angle": 45, "axis": "y", "origin": [8, 8, 8], "rescale": true},
			"faces": {
				"north": {"uv": [8, 14, 9, 16], "texture": "#2", "cullface": "up"},
				"south": {"uv": [8, 14, 9, 16], "texture": "#2", "cullface": "up"}
			}
		},
		{
			"from": [1, 16, 8],
			"to": [2, 18, 8],
			"shade": false,
			"rotation": {"angle": 45, "axis": "y", "origin": [8, 8, 8], "rescale": true},
			"faces": {
				"north": {"uv": [1, 14, 2, 16], "texture": "#2", "cullface": "up"},
				"south": {"uv": [1, 14, 2, 16], "texture": "#2", "cullface": "up"}
			}
		},
		{
			"from": [7, 16, 8],
			"to": [8, 22, 8],
			"shade": false,
			"rotation": {"angle": 45, "axis": "y", "origin": [8, 8, 8], "rescale": true},
			"faces": {
				"north": {"uv": [11, 10, 12, 16], "texture": "#2", "cullface": "up"},
				"south": {"uv": [11, 10, 12, 16], "texture": "#2", "cullface": "up"}
			}
		},
		{
			"from": [6, 16, 8],
			"to": [7, 20, 8],
			"shade": false,
			"rotation": {"angle": 45, "axis": "y", "origin": [8, 8, 8], "rescale": true},
			"faces": {
				"north": {"uv": [6, 12, 7, 16], "texture": "#2", "cullface": "up"},
				"south": {"uv": [6, 12, 7, 16], "texture": "#2", "cullface": "up"}
			}
		},
		{
			"from": [3, 16, 8],
			"to": [4, 19, 8],
			"shade": false,
			"rotation": {"angle": 45, "axis": "y", "origin": [8, 8, 8], "rescale": true},
			"faces": {
				"north": {"uv": [3, 13, 4, 16], "texture": "#2", "cullface": "up"},
				"south": {"uv": [3, 13, 4, 16], "texture": "#2", "cullface": "up"}
			}
		},
		{
			"from": [2, 16, 8],
			"to": [3, 24, 8],
			"shade": false,
			"rotation": {"angle": 45, "axis": "y", "origin": [8, 8, 8], "rescale": true},
			"faces": {
				"north": {"uv": [2, 8, 3, 16], "texture": "#2", "cullface": "up"},
				"south": {"uv": [2, 8, 3, 16], "texture": "#2", "cullface": "up"}
			}
		},
		{
			"from": [4, 16, 8],
			"to": [5, 26, 8],
			"shade": false,
			"rotation": {"angle": 45, "axis": "y", "origin": [8, 8, 8], "rescale": true},
			"faces": {
				"north": {"uv": [4, 6, 5, 16], "texture": "#2", "cullface": "up"},
				"south": {"uv": [4, 6, 5, 16], "texture": "#2", "cullface": "up"}
			}
		},
		{
			"from": [13, 24, 8],
			"to": [15, 26, 8],
			"shade": false,
			"rotation": {"angle": 45, "axis": "y", "origin": [8, 8, 8], "rescale": true},
			"faces": {
				"north": {"uv": [13, 6, 15, 8], "texture": "#2", "cullface": "up"},
				"south": {"uv": [13, 6, 15, 8], "texture": "#2", "cullface": "up"}
			}
		},
		{
			"from": [1, 24, 8],
			"to": [3, 26, 8],
			"shade": false,
			"rotation": {"angle": 45, "axis": "y", "origin": [8, 8, 8], "rescale": true},
			"faces": {
				"north": {"uv": [1, 6, 3, 8], "texture": "#2", "cullface": "up"},
				"south": {"uv": [1, 6, 3, 8], "texture": "#2", "cullface": "up"}
			}
		},
		{
			"from": [7, 22, 8],
			"to": [9, 24, 8],
			"shade": false,
			"rotation": {"angle": 45, "axis": "y", "origin": [8, 8, 8], "rescale": true},
			"faces": {
				"north": {"uv": [7, 8, 9, 10], "texture": "#2", "cullface": "up"},
				"south": {"uv": [7, 8, 9, 10], "texture": "#2", "cullface": "up"}
			}
		},
		{
			"from": [9, 25, 8],
			"to": [12, 28, 8],
			"shade": false,
			"rotation": {"angle": 45, "axis": "y", "origin": [8, 8, 8], "rescale": true},
			"faces": {
				"north": {"uv": [9, 4, 12, 7], "texture": "#2", "cullface": "up"},
				"south": {"uv": [9, 4, 12, 7], "texture": "#2", "cullface": "up"}
			}
		},
		{
			"from": [4, 26, 8],
			"to": [7, 29, 8],
			"shade": false,
			"rotation": {"angle": 45, "axis": "y", "origin": [8, 8, 8], "rescale": true},
			"faces": {
				"north": {"uv": [4, 3, 7, 6], "texture": "#2", "cullface": "up"},
				"south": {"uv": [4, 3, 7, 6], "texture": "#2", "cullface": "up"}
			}
		},
		{
			"from": [14, 16, 8],
			"to": [15, 17, 8],
			"shade": false,
			"rotation": {"angle": 45, "axis": "y", "origin": [8, 8, 8], "rescale": true},
			"faces": {
				"north": {"uv": [14, 15, 15, 16], "texture": "#2", "cullface": "up"},
				"south": {"uv": [14, 15, 15, 16], "texture": "#2", "cullface": "up"}
			}
		}
	],
	"groups": [
		0,
		{
			"name": "group",
			"origin": [8, 8, 8],
			"color": 0,
			"shade": false,
			"children": [1, 2, 3, 4, 5, 6, 7, 8, 9, 10, 11, 12, 13, 14, 15, 16, 17, 18, 19]
		},
		{
			"name": "group",
			"origin": [8, 8, 8],
			"color": 0,
			"shade": false,
			"children": [20, 21, 22, 23, 24, 25, 26, 27, 28, 29, 30, 31, 32, 33, 34, 35, 36, 37, 38]
		}
	]
}