{
	"credit": "Made with Blockbench",
	"ambientocclusion": false,
	"textures": {
		"0": "block/pointy_ice",
		"1": "block/ice",
		"particle": "block/ice"
	},
	"elements": [
		{
			"from": [0, 0, 0],
			"to": [16, 16, 16],
			"faces": {
				"north": {"uv": [0, 0, 16, 16], "texture": "#1", "cullface": "north"},
				"east": {"uv": [0, 0, 16, 16], "texture": "#1", "cullface": "east"},
				"south": {"uv": [0, 0, 16, 16], "texture": "#1", "cullface": "south"},
				"west": {"uv": [0, 0, 16, 16], "texture": "#1", "cullface": "west"},
				"up": {"uv": [0, 0, 16, 16], "texture": "#1", "cullface": "up"},
				"down": {"uv": [0, 0, 16, 16], "texture": "#1", "cullface": "down"}
			}
		},
		{
			"from": [8, 16, 4.8],
			"to": [8, 21, 9.8],
			"shade": false,
			"rotation": {"angle": 45, "axis": "y", "origin": [8, 8, 8], "rescale": true},
			"faces": {
				"north": {"uv": [5, 11, 10, 16], "texture": "#0", "cullface": "up"},
				"east": {"uv": [5, 11, 10, 16], "texture": "#0", "cullface": "up"},
				"south": {"uv": [5, 11, 10, 16], "texture": "#0", "cullface": "up"},
				"west": {"uv": [5, 11, 10, 16], "texture": "#0", "cullface": "up"},
				"up": {"uv": [5, 11, 10, 16], "texture": "#0", "cullface": "up"},
				"down": {"uv": [5, 11, 10, 16], "texture": "#0", "cullface": "up"}
			}
		},
		{
			"from": [8, 21, 5.8],
			"to": [8, 25, 9.8],
			"shade": false,
			"rotation": {"angle": 45, "axis": "y", "origin": [8, 8, 8], "rescale": true},
			"faces": {
				"north": {"uv": [6, 7, 10, 11], "texture": "#0", "cullface": "up"},
				"east": {"uv": [6, 7, 10, 11], "texture": "#0", "cullface": "up"},
				"south": {"uv": [6, 7, 10, 11], "texture": "#0", "cullface": "up"},
				"west": {"uv": [6, 7, 10, 11], "texture": "#0", "cullface": "up"},
				"up": {"uv": [6, 7, 10, 11], "texture": "#0", "cullface": "up"},
				"down": {"uv": [6, 7, 10, 11], "texture": "#0", "cullface": "up"}
			}
		},
		{
			"from": [8, 25, 6.8],
			"to": [8, 28, 8.8],
			"shade": false,
			"rotation": {"angle": 45, "axis": "y", "origin": [8, 8, 8], "rescale": true},
			"faces": {
				"north": {"uv": [7, 4, 9, 7], "texture": "#0", "cullface": "up"},
				"east": {"uv": [7, 4, 9, 7], "texture": "#0", "cullface": "up"},
				"south": {"uv": [7, 4, 9, 7], "texture": "#0", "cullface": "up"},
				"west": {"uv": [7, 4, 9, 7], "texture": "#0", "cullface": "up"},
				"up": {"uv": [7, 4, 9, 7], "texture": "#0", "cullface": "up"},
				"down": {"uv": [7, 4, 9, 7], "texture": "#0", "cullface": "up"}
			}
		},
		{
			"from": [8, 25, 8.8],
			"to": [8, 26, 9.8],
			"shade": false,
			"rotation": {"angle": 45, "axis": "y", "origin": [8, 8, 8], "rescale": true},
			"faces": {
				"north": {"uv": [9, 6, 10, 7], "texture": "#0", "cullface": "up"},
				"east": {"uv": [9, 6, 10, 7], "texture": "#0", "cullface": "up"},
				"south": {"uv": [9, 6, 10, 7], "texture": "#0", "cullface": "up"},
				"west": {"uv": [9, 6, 10, 7], "texture": "#0", "cullface": "up"},
				"up": {"uv": [9, 6, 10, 7], "texture": "#0", "cullface": "up"},
				"down": {"uv": [9, 6, 10, 7], "texture": "#0", "cullface": "up"}
			}
		},
		{
			"from": [8, 28, 6.8],
			"to": [8, 30, 7.8],
			"shade": false,
			"rotation": {"angle": 45, "axis": "y", "origin": [8, 8, 8], "rescale": true},
			"faces": {
				"north": {"uv": [7, 2, 8, 4], "texture": "#0", "cullface": "up"},
				"east": {"uv": [7, 2, 8, 4], "texture": "#0", "cullface": "up"},
				"south": {"uv": [7, 2, 8, 4], "texture": "#0", "cullface": "up"},
				"west": {"uv": [7, 2, 8, 4], "texture": "#0", "cullface": "up"},
				"up": {"uv": [7, 2, 8, 4], "texture": "#0", "cullface": "up"},
				"down": {"uv": [7, 2, 8, 4], "texture": "#0", "cullface": "up"}
			}
		},
		{
			"from": [8, 16, 9.8],
			"to": [8, 19, 10.8],
			"shade": false,
			"rotation": {"angle": 45, "axis": "y", "origin": [8, 8, 8], "rescale": true},
			"faces": {
				"north": {"uv": [10, 13, 11, 16], "texture": "#0", "cullface": "up"},
				"east": {"uv": [10, 13, 11, 16], "texture": "#0", "cullface": "up"},
				"south": {"uv": [10, 13, 11, 16], "texture": "#0", "cullface": "up"},
				"west": {"uv": [10, 13, 11, 16], "texture": "#0", "cullface": "up"},
				"up": {"uv": [10, 13, 11, 16], "texture": "#0", "cullface": "up"},
				"down": {"uv": [10, 13, 11, 16], "texture": "#0", "cullface": "up"}
			}
		},
		{
			"from": [5, 16, 7.75],
			"to": [10, 21, 7.75],
			"shade": false,
			"rotation": {"angle": 45, "axis": "y", "origin": [8, 8, 8], "rescale": true},
			"faces": {
				"north": {"uv": [5, 11, 10, 16], "texture": "#0", "cullface": "up"},
				"east": {"uv": [5, 11, 10, 16], "texture": "#0", "cullface": "up"},
				"south": {"uv": [5, 11, 10, 16], "texture": "#0", "cullface": "up"},
				"west": {"uv": [5, 11, 10, 16], "texture": "#0", "cullface": "up"},
				"up": {"uv": [5, 11, 10, 16], "rotation": 270, "texture": "#0", "cullface": "up"},
				"down": {"uv": [5, 11, 10, 16], "rotation": 90, "texture": "#0", "cullface": "up"}
			}
		},
		{
			"from": [6, 21, 7.75],
			"to": [10, 25, 7.75],
			"shade": false,
			"rotation": {"angle": 45, "axis": "y", "origin": [8, 8, 8], "rescale": true},
			"faces": {
				"north": {"uv": [6, 7, 10, 11], "texture": "#0", "cullface": "up"},
				"east": {"uv": [6, 7, 10, 11], "texture": "#0", "cullface": "up"},
				"south": {"uv": [6, 7, 10, 11], "texture": "#0", "cullface": "up"},
				"west": {"uv": [6, 7, 10, 11], "texture": "#0", "cullface": "up"},
				"up": {"uv": [6, 7, 10, 11], "rotation": 270, "texture": "#0", "cullface": "up"},
				"down": {"uv": [6, 7, 10, 11], "rotation": 90, "texture": "#0", "cullface": "up"}
			}
		},
		{
			"from": [7, 25, 7.75],
			"to": [9, 28, 7.75],
			"shade": false,
			"rotation": {"angle": 45, "axis": "y", "origin": [8, 8, 8], "rescale": true},
			"faces": {
				"north": {"uv": [7, 4, 9, 7], "texture": "#0", "cullface": "up"},
				"east": {"uv": [7, 4, 9, 7], "texture": "#0", "cullface": "up"},
				"south": {"uv": [7, 4, 9, 7], "texture": "#0", "cullface": "up"},
				"west": {"uv": [7, 4, 9, 7], "texture": "#0", "cullface": "up"},
				"up": {"uv": [7, 4, 9, 7], "rotation": 270, "texture": "#0", "cullface": "up"},
				"down": {"uv": [7, 4, 9, 7], "rotation": 90, "texture": "#0", "cullface": "up"}
			}
		},
		{
			"from": [9, 25, 7.75],
			"to": [10, 26, 7.75],
			"shade": false,
			"rotation": {"angle": 45, "axis": "y", "origin": [8, 8, 8], "rescale": true},
			"faces": {
				"north": {"uv": [9, 6, 10, 7], "texture": "#0", "cullface": "up"},
				"east": {"uv": [9, 6, 10, 7], "texture": "#0", "cullface": "up"},
				"south": {"uv": [9, 6, 10, 7], "texture": "#0", "cullface": "up"},
				"west": {"uv": [9, 6, 10, 7], "texture": "#0", "cullface": "up"},
				"up": {"uv": [9, 6, 10, 7], "rotation": 270, "texture": "#0", "cullface": "up"},
				"down": {"uv": [9, 6, 10, 7], "rotation": 90, "texture": "#0", "cullface": "up"}
			}
		},
		{
			"from": [7, 28, 7.75],
			"to": [8, 30, 7.75],
			"shade": false,
			"rotation": {"angle": 45, "axis": "y", "origin": [8, 8, 8], "rescale": true},
			"faces": {
				"north": {"uv": [7, 2, 8, 4], "texture": "#0", "cullface": "up"},
				"east": {"uv": [7, 2, 8, 4], "texture": "#0", "cullface": "up"},
				"south": {"uv": [7, 2, 8, 4], "texture": "#0", "cullface": "up"},
				"west": {"uv": [7, 2, 8, 4], "texture": "#0", "cullface": "up"},
				"up": {"uv": [7, 2, 8, 4], "rotation": 270, "texture": "#0", "cullface": "up"},
				"down": {"uv": [7, 2, 8, 4], "rotation": 90, "texture": "#0", "cullface": "up"}
			}
		},
		{
			"from": [10, 16, 7.75],
			"to": [11, 19, 7.75],
			"shade": false,
			"rotation": {"angle": 45, "axis": "y", "origin": [8, 8, 8], "rescale": true},
			"faces": {
				"north": {"uv": [10, 13, 11, 16], "texture": "#0", "cullface": "up"},
				"east": {"uv": [10, 13, 11, 16], "texture": "#0", "cullface": "up"},
				"south": {"uv": [10, 13, 11, 16], "texture": "#0", "cullface": "up"},
				"west": {"uv": [10, 13, 11, 16], "texture": "#0", "cullface": "up"},
				"up": {"uv": [10, 13, 11, 16], "rotation": 270, "texture": "#0", "cullface": "up"},
				"down": {"uv": [10, 13, 11, 16], "rotation": 90, "texture": "#0", "cullface": "up"}
			}
		}
	],
	"groups": [
		0,
		{
			"name": "group",
			"origin": [8, 8, 8],
			"color": 0,
			"shade": false,
			"children": [1, 2, 3, 4, 5, 6]
		},
		{
			"name": "group",
			"origin": [8, 8, 8],
			"color": 0,
			"shade": false,
			"children": [7, 8, 9, 10, 11, 12]
		}
	]
}