{
	"credit": "Made with Blockbench",
	"parent": "block/block",
	"ambientocclusion": false,
	"textures": {
		"0": "block/river_plant0",
		"particle": "block/river_plant0"
	},
	"elements": [
		{
			"from": [0.8, 0, 8],
			"to": [15.2, 32, 8],
			"shade": false,
			"rotation": {"angle": 45, "axis": "y", "origin": [8, 8, 8], "rescale": true},
			"faces": {
				"north": {"uv": [0, 0, 8, 16], "texture": "#0", "cullface": "up"},
				"south": {"uv": [0, 0, 8, 16], "texture": "#0", "cullface": "up"}
			}
		},
		{
			"from": [8, 0, 0.8],
			"to": [8, 32, 15.2],
			"shade": false,
			"rotation": {"angle": 45, "axis": "y", "origin": [8, 8, 8], "rescale": true},
			"faces": {
				"east": {"uv": [0, 0, 8, 16], "texture": "#0", "cullface": "up"},
				"west": {"uv": [0, 0, 8, 16], "texture": "#0", "cullface": "up"}
			}
		}
	]
}