{
	"credit": "Made with Blockbench",
	"textures": {
		"0": "block/snow",
		"1": "block/snow_side_overlay",
		"particle": "block/snow"
	},
	"elements": [
		{
			"from": [-0.09, 0.03, -0.09],
			"to": [16.09, 8.03, 16.09],
			"faces": {
				"north": {"uv": [0, 8, 16, 16], "texture": "#0"},
				"east": {"uv": [0, 8, 16, 16], "texture": "#0"},
				"south": {"uv": [0, 8, 16, 16], "texture": "#0"},
				"west": {"uv": [0, 8, 16, 16], "texture": "#0"},
				"up": {"uv": [0, 0, 16, 16], "texture": "#0"},
				"down": {"uv": [0, 0, 16, 4], "texture": "#0", "cullface": "down"}
			}
		},
		{
			"from": [-0.09, -1.97, -0.09],
			"to": [16.09, 0.03, -0.09],
			"faces": {
				"north": {"uv": [0, 8, 16, 10], "texture": "#1", "cullface": "north"},
				"south": {"uv": [16, 8, 0, 10], "texture": "#1", "cullface": "north"}
			}
		},
		{
			"from": [4.91, -2.97, -0.09],
			"to": [12.91, -1.97, -0.09],
			"faces": {
				"north": {"uv": [3, 10, 11, 11], "texture": "#1", "cullface": "north"},
				"south": {"uv": [11, 10, 3, 11], "texture": "#1", "cullface": "north"}
			}
		},
		{
			"from": [13.91, -2.97, -0.09],
			"to": [15.09, -1.97, -0.09],
			"faces": {
				"north": {"uv": [1, 10, 2, 11], "texture": "#1", "cullface": "north"},
				"south": {"uv": [2, 10, 1, 11], "texture": "#1", "cullface": "north"}
			}
		},
		{
			"from": [10.91, -3.97, -0.09],
			"to": [12.09, -2.97, -0.09],
			"faces": {
				"north": {"uv": [4, 11, 5, 12], "texture": "#1", "cullface": "north"},
				"south": {"uv": [5, 11, 4, 12], "texture": "#1", "cullface": "north"}
			}
		},
		{
			"from": [0.91, -2.97, -0.09],
			"to": [2.09, -1.97, -0.09],
			"faces": {
				"north": {"uv": [14, 10, 15, 11], "texture": "#1", "cullface": "north"},
				"south": {"uv": [15, 10, 14, 11], "texture": "#1", "cullface": "north"}
			}
		},
		{
			"from": [-0.09, -1.97, 16.09],
			"to": [16.09, 0.03, 16.09],
			"faces": {
				"north": {"uv": [16, 8, 0, 10], "texture": "#1", "cullface": "south"},
				"south": {"uv": [0, 8, 16, 10], "texture": "#1", "cullface": "south"}
			}
		},
		{
			"from": [2.91, -2.97, 16.09],
			"to": [10.91, -1.97, 16.09],
			"faces": {
				"north": {"uv": [11, 10, 3, 11], "texture": "#1", "cullface": "south"},
				"south": {"uv": [3, 10, 11, 11], "texture": "#1", "cullface": "south"}
			}
		},
		{
			"from": [3.91, -3.97, 16.09],
			"to": [4.91, -2.97, 16.09],
			"faces": {
				"north": {"uv": [5, 11, 4, 12], "texture": "#1", "cullface": "south"},
				"south": {"uv": [4, 11, 5, 12], "texture": "#1", "cullface": "south"}
			}
		},
		{
			"from": [0.91, -2.97, 16.09],
			"to": [1.91, -1.97, 16.09],
			"faces": {
				"north": {"uv": [2, 10, 1, 11], "texture": "#1", "cullface": "south"},
				"south": {"uv": [1, 10, 2, 11], "texture": "#1", "cullface": "south"}
			}
		},
		{
			"from": [13.91, -2.97, 16.09],
			"to": [14.91, -1.97, 16.09],
			"faces": {
				"north": {"uv": [15, 10, 14, 11], "texture": "#1", "cullface": "south"},
				"south": {"uv": [14, 10, 15, 11], "texture": "#1", "cullface": "south"}
			}
		},
		{
			"from": [16.09, -1.97, -0.09],
			"to": [16.09, 0.03, 16.09],
			"faces": {
				"east": {"uv": [0, 8, 16, 10], "texture": "#1", "cullface": "east"},
				"west": {"uv": [16, 8, 0, 10], "texture": "#1", "cullface": "east"}
			}
		},
		{
			"from": [16.09, -2.97, 4.91],
			"to": [16.09, -1.97, 12.91],
			"faces": {
				"east": {"uv": [3, 10, 11, 11], "texture": "#1", "cullface": "east"},
				"west": {"uv": [11, 10, 3, 11], "texture": "#1", "cullface": "east"}
			}
		},
		{
			"from": [16.09, -3.97, 10.91],
			"to": [16.09, -2.97, 11.91],
			"faces": {
				"east": {"uv": [4, 11, 5, 12], "texture": "#1", "cullface": "east"},
				"west": {"uv": [5, 11, 4, 12], "texture": "#1", "cullface": "east"}
			}
		},
		{
			"from": [16.09, -2.97, 13.91],
			"to": [16.09, -1.97, 14.91],
			"faces": {
				"east": {"uv": [1, 10, 2, 11], "texture": "#1", "cullface": "east"},
				"west": {"uv": [2, 10, 1, 11], "texture": "#1", "cullface": "east"}
			}
		},
		{
			"from": [16.09, -2.97, 0.91],
			"to": [16.09, -1.97, 1.91],
			"faces": {
				"east": {"uv": [14, 10, 15, 11], "texture": "#1", "cullface": "east"},
				"west": {"uv": [15, 10, 14, 11], "texture": "#1", "cullface": "east"}
			}
		},
		{
			"from": [-0.09, -1.97, -0.09],
			"to": [-0.09, 0.03, 16.09],
			"faces": {
				"east": {"uv": [16, 8, 0, 10], "texture": "#1", "cullface": "west"},
				"west": {"uv": [0, 8, 16, 10], "texture": "#1", "cullface": "west"}
			}
		},
		{
			"from": [-0.09, -2.97, 2.91],
			"to": [-0.09, -1.97, 10.91],
			"faces": {
				"east": {"uv": [11, 10, 3, 11], "texture": "#1", "cullface": "west"},
				"west": {"uv": [3, 10, 11, 11], "texture": "#1", "cullface": "west"}
			}
		},
		{
			"from": [-0.09, -3.97, 3.91],
			"to": [-0.09, -2.97, 4.91],
			"faces": {
				"east": {"uv": [5, 11, 4, 12], "texture": "#1", "cullface": "west"},
				"west": {"uv": [4, 11, 5, 12], "texture": "#1", "cullface": "west"}
			}
		},
		{
			"from": [-0.09, -2.97, 0.91],
			"to": [-0.09, -1.97, 1.91],
			"faces": {
				"east": {"uv": [2, 10, 1, 11], "texture": "#1", "cullface": "west"},
				"west": {"uv": [1, 10, 2, 11], "texture": "#1", "cullface": "west"}
			}
		},
		{
			"from": [-0.09, -2.97, 13.91],
			"to": [-0.09, -1.97, 14.91],
			"faces": {
				"east": {"uv": [15, 10, 14, 11], "texture": "#1", "cullface": "west"},
				"west": {"uv": [14, 10, 15, 11], "texture": "#1", "cullface": "west"}
			}
		}
	]
}